FIPS,State,County,Climate Region,MEDHINC16,GROC16,CONVS16,SUPERC16,PCT_OBESE_ADULTS17,RECFAC16,largest_group,FFR16,FSR16,PCTADTLHS16_20,PCTADTWHS16_20,PCTADTWC16_20
36009,NY,Cattaraugus,Northeast,46224.0,19,37,2,25.7,6,white_not_hispanic_2017,41,72,10.32527264106212,39.15030820293978,30.61735419630157
12127,FL,Volusia,Southeast,45356.0,68,285,10,28.4,57,white_not_hispanic_2017,292,478,9.206126897395182,31.52610243714801,34.82577005395063
17121,IL,Marion,Ohio Valley,45698.0,4,23,1,31.1,6,white_not_hispanic_2017,26,27,10.54299679242401,34.20650679700626,39.03696349473041
6079,CA,San Luis Obispo,West,69517.0,69,92,1,25.1,40,white_not_hispanic_2017,234,340,8.150909224921293,19.93608575249286,35.83093786524307
12075,FL,Levy,Southeast,33092.0,10,29,1,28.4,2,white_not_hispanic_2017,17,25,13.752240589524,41.44592710615415,30.7043749585076
48419,TX,Shelby,South,37410.0,5,13,1,33.0,2,white_not_hispanic_2017,10,13,22.01143135108841,34.53119299525721,29.44180955855527
6101,CA,Sutter,West,51283.0,21,40,2,25.1,8,white_not_hispanic_2017,59,54,20.17057163691703,23.03034146032148,36.7680162328398
38089,ND,Stark,Northern Rockies & Plains,78604.0,6,19,1,33.2,4,white_not_hispanic_2017,18,23,7.766510017313875,32.66881028938906,35.06307197625526
41001,OR,Baker,Northwest,42177.0,3,8,1,29.4,2,white_not_hispanic_2017,9,26,8.779960053262318,29.39414114513981,36.82589880159787
42089,PA,Monroe,Northeast,59574.0,17,55,3,31.6,10,white_not_hispanic_2017,112,147,10.43372737378966,34.71855667478509,29.03198431758586
13085,GA,Dawson,Southeast,61229.0,4,12,1,31.6,2,white_not_hispanic_2017,17,16,11.65906816412766,26.34827087734905,28.3442677638163
30029,MT,Flathead,Northern Rockies & Plains,50249.0,18,38,2,25.3,18,white_not_hispanic_2017,67,122,5.752206297413022,28.28604078036154,33.96252392163342
12115,FL,Sarasota,Southeast,55088.0,89,136,7,28.4,52,white_not_hispanic_2017,185,475,6.764262095091335,27.69708060086564,29.13328605325138
32001,NV,Churchill,West,50292.0,2,10,1,26.7,6,white_not_hispanic_2017,17,13,6.996374011769602,29.15056767520656,45.10491588896154
48199,TX,Hardin,South,60692.0,7,32,2,33.0,6,white_not_hispanic_2017,40,21,11.26637329833501,39.56355027149438,31.10991018811601
39155,OH,Trumbull,Ohio Valley,45929.0,45,93,4,33.8,19,white_not_hispanic_2017,146,122,10.5995844671876,43.98561724810946,26.23383164625146
13055,GA,Chattooga,Southeast,37345.0,6,29,1,31.6,1,white_not_hispanic_2017,12,8,27.70254494513192,38.34928788232547,24.22951202428204
22039,LA,Evangeline,South,34440.0,13,18,1,36.2,1,white_not_hispanic_2017,11,5,23.28101812294824,41.67378693169043,22.31865809236858
55035,WI,Eau Claire,Upper Midwest,52209.0,15,48,3,32.0,16,white_not_hispanic_2017,93,80,4.931908526171007,25.64955185078823,36.1572527622013
39165,OH,Warren,Ohio Valley,81543.0,29,72,6,33.8,27,white_not_hispanic_2017,133,132,5.9239791015712,25.73039499557722,24.63901846112727
19013,IA,Black Hawk,Upper Midwest,50887.0,24,61,4,36.4,17,white_not_hispanic_2017,84,107,8.197445386176435,29.89136922525964,32.70980064462218
1109,AL,Pike,Southeast,35172.0,7,20,1,36.3,2,white_not_hispanic_2017,34,23,12.64629725530813,33.38166752977732,24.34489901605386
55031,WI,Douglas,Upper Midwest,50340.0,7,27,1,32.0,8,white_not_hispanic_2017,22,46,6.27445948546866,28.66170526720985,39.26990440751909
29217,MO,Vernon,Ohio Valley,39036.0,1,13,1,32.5,2,white_not_hispanic_2017,11,15,11.68973051711581,40.87399854333576,29.91260014566642
36049,NY,Lewis,Northeast,48314.0,3,19,1,25.7,1,white_not_hispanic_2017,14,27,8.696598639455782,44.4843537414966,28.47891156462585
31019,NE,Buffalo,Northern Rockies & Plains,57036.0,10,29,1,32.8,7,white_not_hispanic_2017,43,45,8.014326553412413,24.96631945585384,33.25666217592745
51047,VA,Culpeper,Southeast,67023.0,9,17,1,30.1,8,white_not_hispanic_2017,34,30,12.93505459508644,31.05379890809827,30.85759781619654
51041,VA,Chesterfield,Southeast,76260.0,51,135,6,30.1,41,white_not_hispanic_2017,232,226,7.409597801159837,23.11930665055545,29.41757114958325
4019,AZ,Pima,Southwest,47644.0,122,283,17,29.5,116,white_not_hispanic_2017,666,635,10.97283693730644,21.47363938165339,33.92203070582233
40065,OK,Jackson,South,44211.0,1,13,1,36.5,3,white_not_hispanic_2017,18,18,14.31519699812383,28.98061288305191,34.45903689806129
44005,RI,Newport,Northeast,72776.0,14,29,1,30.0,11,white_not_hispanic_2017,76,132,5.285961871750433,20.21843628396717,24.77845721199438
48441,TX,Taylor,South,48215.0,12,79,3,33.0,15,white_not_hispanic_2017,128,88,10.50382259366542,30.54869651930291,32.12165819839499
27095,MN,Mille Lacs,Upper Midwest,53407.0,6,19,1,28.4,4,white_not_hispanic_2017,13,26,9.80260956841753,37.25326196052192,36.96330991412959
48329,TX,Midland,South,68729.0,9,49,3,33.0,15,white_not_hispanic_2017,120,104,15.88460819150926,26.09126613054049,30.5806994576398
1099,AL,Monroe,Southeast,36639.0,5,14,1,36.3,1,white_not_hispanic_2017,10,9,16.5339323395276,46.04179429582737,23.87856510788918
45079,SC,Richland,Southeast,51973.0,60,196,7,34.1,33,white_not_hispanic_2017,325,287,8.427569602354156,21.95631819310951,30.47790113312824
19111,IA,Lee,Upper Midwest,49654.0,7,19,1,36.4,5,white_not_hispanic_2017,21,34,6.928521170481354,38.19792227142916,36.41405570961467
36069,NY,Ontario,Northeast,58320.0,19,44,5,25.7,11,white_not_hispanic_2017,94,123,6.812630171504976,26.15258028849862,31.22316217119642
25021,MA,Norfolk,Northeast,92606.0,120,280,7,25.9,156,white_not_hispanic_2017,465,617,5.919916632839149,18.73176090912212,20.79130137996078
54057,WV,Mineral,Ohio Valley,45437.0,7,12,1,38.1,1,white_not_hispanic_2017,15,15,7.554569379224935,47.3037824449146,27.54012074926467
1007,AL,Bibb,Southeast,43079.0,5,15,1,36.3,1,white_not_hispanic_2017,7,7,19.11553136923751,45.07412272471383,24.46362669669106
48463,TX,Uvalde,South,36913.0,1,23,1,33.0,1,hispanic_2017,24,21,24.12970910824988,29.56604673342871,26.86576061039581
39139,OH,Richland,Ohio Valley,44835.0,22,53,4,33.8,10,white_not_hispanic_2017,91,64,12.14250289304017,40.46595659258909,29.61056136787662
26023,MI,Branch,Upper Midwest,48321.0,3,19,2,32.3,3,white_not_hispanic_2017,25,27,10.7832386269232,41.23218024125212,32.98441498022796
29083,MO,Henry,Ohio Valley,42607.0,5,20,1,32.5,1,white_not_hispanic_2017,16,20,12.82133470094237,41.45137508814668,30.09808321046221
42027,PA,Centre,Northeast,59070.0,17,47,3,31.6,26,white_not_hispanic_2017,105,111,5.508228266752189,28.0292248792319,20.68993164825914
45029,SC,Colleton,Southeast,35760.0,9,34,1,34.1,2,white_not_hispanic_2017,25,23,12.43331809175431,44.17771681146166,27.09571711629325
24017,MD,Charles,Northeast,93947.0,21,35,2,31.3,9,white_not_hispanic_2017,122,67,6.443218390804597,31.08413793103448,32.47908045977012
37157,NC,Rockingham,Southeast,41620.0,19,62,3,32.1,9,white_not_hispanic_2017,65,57,16.75530298425819,33.85552786725825,34.16550173220689
8001,CO,Adams,Southwest,65442.0,63,125,11,22.6,31,white_not_hispanic_2017,336,232,15.27263246609147,28.9870186565128,30.57800629361725
21213,KY,Simpson,Ohio Valley,45643.0,2,7,1,34.3,3,white_not_hispanic_2017,19,15,12.40253411306043,46.46686159844054,29.10981156595192
17103,IL,Lee,Ohio Valley,55563.0,5,20,1,31.1,4,white_not_hispanic_2017,14,33,10.39437969024429,34.26872106019479,36.62382244930544
18077,IN,Jefferson,Ohio Valley,51534.0,6,9,1,33.6,2,white_not_hispanic_2017,20,29,10.68991660348749,41.55554564509655,30.41073897337555
39021,OH,Champaign,Ohio Valley,56203.0,9,12,1,33.8,2,white_not_hispanic_2017,21,12,8.822983556660851,45.89287702757878,29.39014884376972
37105,NC,Lee,Southeast,46723.0,15,37,1,32.1,8,white_not_hispanic_2017,47,42,14.88924853257325,27.62627116597019,36.99364718954564
29021,MO,Buchanan,Ohio Valley,47517.0,10,39,3,32.5,8,white_not_hispanic_2017,75,57,11.18677531079024,37.27475028025499,29.65850720297154
49039,UT,Sanpete,Southwest,47768.0,6,13,1,25.3,1,white_not_hispanic_2017,15,8,8.04723976929415,31.62867344136227,39.57703927492447
36057,NY,Montgomery,Northeast,42193.0,11,31,1,25.7,2,white_not_hispanic_2017,34,42,12.17208200508876,35.089053315006,34.08299944433071
31119,NE,Madison,Northern Rockies & Plains,49625.0,9,17,1,32.8,5,white_not_hispanic_2017,30,33,9.184432867836973,30.98542223000481,36.09420829138029
18031,IN,Decatur,Ohio Valley,51999.0,6,9,1,33.6,2,white_not_hispanic_2017,20,16,8.324016100178891,45.58363148479427,26.554114490161
4015,AZ,Mohave,Southwest,42003.0,17,91,4,29.5,13,white_not_hispanic_2017,122,126,13.58898333816196,34.33953657529265,38.664957127975
37009,NC,Ashe,Southeast,39709.0,4,17,1,32.1,1,white_not_hispanic_2017,19,23,13.66661808288393,31.21022202788709,35.08720789000632
13069,GA,Coffee,Southeast,38704.0,8,42,1,31.6,6,white_not_hispanic_2017,28,17,25.15495140160586,37.61445273982251,25.06338920974785
53045,WA,Mason,Northwest,52758.0,10,24,2,27.7,5,white_not_hispanic_2017,23,41,10.37934558194824,31.32989927217368,40.15766094554858
1059,AL,Franklin,Southeast,37049.0,10,20,1,36.3,3,white_not_hispanic_2017,17,17,21.32314555550282,39.0252005125528,24.602534288833
51057,VA,Essex,Southeast,50033.0,2,10,1,30.1,1,white_not_hispanic_2017,11,14,17.21019108280255,35.82165605095541,30.75159235668789
29159,MO,Pettis,Ohio Valley,42089.0,7,22,1,32.5,5,white_not_hispanic_2017,28,23,12.42090295058656,35.26128688233203,33.84642730181301
37093,NC,Hoke,Southeast,46004.0,6,23,1,32.1,3,white_not_hispanic_2017,13,6,12.5095736533061,29.48401554477633,39.64768955833546
55081,WI,Monroe,Upper Midwest,56400.0,5,23,2,32.0,2,white_not_hispanic_2017,24,34,9.247518411783542,35.59398014729427,33.82965097662504
37141,NC,Pender,Southeast,50437.0,11,13,1,32.1,8,white_not_hispanic_2017,37,41,11.2381739689538,27.5075778451364,32.28391659777717
18075,IN,Jay,Ohio Valley,46949.0,3,6,1,33.6,1,white_not_hispanic_2017,9,13,11.84563029469264,47.23770907247846,28.39041343856347
37153,NC,Richmond,Southeast,35367.0,11,44,1,32.1,2,white_not_hispanic_2017,26,22,17.10762991791216,30.41501782385453,34.67639075121824
45025,SC,Chesterfield,Southeast,39869.0,9,29,1,34.1,2,white_not_hispanic_2017,21,29,22.22187392244757,39.15237766841165,26.2342873264161
49005,UT,Cache,Southwest,57422.0,17,28,4,25.3,13,white_not_hispanic_2017,92,42,6.461768648109473,20.1677005080889,34.88981016801222
25013,MA,Hampden,Northeast,51589.0,104,245,4,25.9,46,white_not_hispanic_2017,287,338,14.21346886114573,30.04109154719564,28.29886017259078
29019,MO,Boone,Ohio Valley,52824.0,32,64,4,32.5,34,white_not_hispanic_2017,148,146,5.355076855269682,20.57003287238536,26.36034745560391
55141,WI,Wood,Upper Midwest,52591.0,11,33,1,32.0,6,white_not_hispanic_2017,40,61,7.567318403564706,38.19383090692583,33.63999539046595
48361,TX,Orange,South,53611.0,12,57,1,33.0,5,white_not_hispanic_2017,55,37,11.60957866020006,36.81507765276466,35.5829752331366
21145,KY,McCracken,Ohio Valley,42936.0,11,36,3,34.3,8,white_not_hispanic_2017,72,73,7.838753093387749,32.17123257934269,34.40281335475188
33007,NH,Coos,Northeast,45127.0,12,27,1,28.1,5,white_not_hispanic_2017,25,34,11.94841580487001,39.06719953854394,29.31070001236043
37191,NC,Wayne,Southeast,42421.0,25,71,4,32.1,10,white_not_hispanic_2017,81,73,14.47432288127366,30.32593922920105,35.38370061159111
17091,IL,Kankakee,Ohio Valley,54624.0,20,48,3,31.1,12,white_not_hispanic_2017,78,67,11.73634765410394,34.64454455554335,33.03620481265795
51147,VA,Prince Edward,Southeast,41072.0,2,24,1,30.1,1,white_not_hispanic_2017,14,17,14.64523953911462,34.32383262583384,25.57610673135233
51013,VA,Arlington,Southeast,108635.0,46,64,1,30.1,49,white_not_hispanic_2017,227,268,5.054989116737312,7.897811891396494,11.21147897811891
47001,TN,Anderson,Ohio Valley,46731.0,12,50,2,32.8,7,white_not_hispanic_2017,63,44,11.3909486064945,34.31895386638419,31.46984695182087
47145,TN,Roane,Ohio Valley,47088.0,6,45,1,32.8,3,white_not_hispanic_2017,32,20,10.17710342027809,37.77783416218411,32.95950471937481
47167,TN,Tipton,Ohio Valley,54748.0,9,22,1,32.8,3,white_not_hispanic_2017,23,25,11.92243526197442,36.79731134698614,34.31901158151793
5093,AR,Mississippi,South,35846.0,10,22,2,35.0,5,white_not_hispanic_2017,29,29,17.94719667754375,38.76816968258677,27.69578760011866
21137,KY,Lincoln,Ohio Valley,35934.0,5,17,1,34.3,1,white_not_hispanic_2017,10,6,19.07289455060156,42.95234725171031,25.37744751120547
41011,OR,Coos,Northwest,41403.0,16,28,4,29.4,7,white_not_hispanic_2017,37,75,10.04346831388698,30.6773985566024,39.36690168673697
47141,TN,Putnam,Ohio Valley,40479.0,17,51,3,32.8,10,white_not_hispanic_2017,68,61,11.82024316822393,37.57574572891825,24.18194612768287
31153,NE,Sarpy,Northern Rockies & Plains,74374.0,15,50,6,32.8,18,white_not_hispanic_2017,113,78,4.488026284591674,21.42143413609728,33.60430850523321
50011,VT,Franklin,Northeast,59418.0,15,41,1,27.6,4,white_not_hispanic_2017,22,31,8.941558253411758,37.53368296004404,27.01880450844609
55073,WI,Marathon,Upper Midwest,56223.0,25,53,3,32.0,15,white_not_hispanic_2017,72,107,7.629210375130327,33.89578058173926,32.22652509734664
25003,MA,Berkshire,Northeast,56011.0,35,68,1,25.9,14,white_not_hispanic_2017,113,218,7.142240728355375,29.84725248646199,27.69843153330025
12031,FL,Duval,Southeast,51948.0,174,462,21,28.4,87,white_not_hispanic_2017,781,716,9.930662664405144,28.10491789161601,31.27884250168
48241,TX,Jasper,South,44909.0,4,13,1,33.0,2,white_not_hispanic_2017,19,17,15.0010269049086,44.85520640788663,26.83097145204354
39079,OH,Jackson,Ohio Valley,45168.0,9,19,1,33.8,2,white_not_hispanic_2017,24,14,13.58844376654255,45.22453007940425,26.35592840159705
48469,TX,Victoria,South,53659.0,7,59,3,33.0,12,hispanic_2017,74,59,16.60344856144303,30.50867109469465,33.9737962334156
20209,KS,Wyandotte,South,43396.0,26,52,3,32.4,7,white_not_hispanic_2017,111,86,19.7031013435664,32.57124901208353,29.40325084032413
18065,IN,Henry,Ohio Valley,45356.0,7,26,1,33.6,4,white_not_hispanic_2017,27,22,9.755387303436226,43.76820034944672,30.10774606872452
53061,WA,Snohomish,Northwest,78582.0,153,217,18,27.7,68,white_not_hispanic_2017,547,542,7.458959022652074,23.62330675037471,36.15812618421425
13147,GA,Hart,Southeast,41247.0,4,17,1,31.6,1,white_not_hispanic_2017,13,11,17.23122238586156,35.57227014517147,30.00210393435725
39169,OH,Wayne,Ohio Valley,53605.0,28,32,1,33.8,8,white_not_hispanic_2017,77,58,13.20209664980458,39.06382756231782,25.18986183548357
22011,LA,Beauregard,South,49436.0,3,21,1,36.2,2,white_not_hispanic_2017,18,13,13.00364101948546,36.92233825471132,31.79290201256352
42127,PA,Wayne,Northeast,49357.0,10,21,1,31.6,4,white_not_hispanic_2017,26,70,10.00814498065567,42.36408063530849,26.97261250254531
5019,AR,Clark,South,37247.0,2,10,1,35.0,2,white_not_hispanic_2017,23,10,11.06337271750806,32.55332208071199,31.21067976062605
31131,NE,Otoe,Northern Rockies & Plains,55030.0,4,10,1,32.8,2,white_not_hispanic_2017,8,11,7.655546365223785,34.06855987501149,32.87381674478448
29091,MO,Howell,Ohio Valley,36323.0,10,23,1,32.5,5,white_not_hispanic_2017,27,29,14.01512397295136,39.93310550425362,28.72827746673453
37151,NC,Randolph,Southeast,45939.0,22,66,2,32.1,13,white_not_hispanic_2017,74,85,17.04361955006369,34.3971595639048,32.44034783306419
26061,MI,Houghton,Upper Midwest,38603.0,8,13,1,32.3,3,white_not_hispanic_2017,23,37,7.169918545179012,30.59291532487213,28.62284523584012
48001,TX,Anderson,South,43967.0,3,31,1,33.0,2,white_not_hispanic_2017,23,25,17.50378000378,39.02853902853903,32.16310716310716
13299,GA,Ware,Southeast,34643.0,6,44,1,31.6,3,white_not_hispanic_2017,29,20,18.54128252407294,40.57775046097111,25.70784675271461
21101,KY,Henderson,Ohio Valley,46936.0,7,28,1,34.3,3,white_not_hispanic_2017,32,28,13.01232084485793,37.21712345989439,31.54387729444305
24011,MD,Caroline,Northeast,49616.0,4,21,1,31.3,2,white_not_hispanic_2017,15,11,15.73805122788487,39.23070152275328,26.0760496435173
47003,TN,Bedford,Ohio Valley,47295.0,7,27,1,32.8,1,white_not_hispanic_2017,24,18,16.50843395704673,40.71650228899745,24.63207054413617
29161,MO,Phelps,Ohio Valley,40738.0,8,22,1,32.5,5,white_not_hispanic_2017,34,36,10.25070038071978,30.22053013432943,29.61353351052367
42045,PA,Delaware,Northeast,67773.0,138,155,3,31.6,91,white_not_hispanic_2017,431,315,6.836917120964833,29.32538992664631,24.34761399402688
28083,MS,Leflore,South,27573.0,9,33,1,37.3,3,black_2017,20,23,16.78250550940837,36.96106684748828,27.43967904164548
27119,MN,Polk,Upper Midwest,50893.0,7,15,1,28.4,1,white_not_hispanic_2017,18,25,6.816997489222606,30.5320005684779,35.38301198540907
17179,IL,Tazewell,Ohio Valley,60590.0,16,57,5,31.1,17,white_not_hispanic_2017,107,96,6.830071691532649,31.88766173652823,35.31077095308833
22045,LA,Iberia,South,41604.0,21,43,1,36.2,7,white_not_hispanic_2017,42,23,18.10574116120662,42.28565250297329,24.28370634663207
54099,WV,Wayne,Ohio Valley,40881.0,7,21,1,38.1,1,white_not_hispanic_2017,18,15,18.85504383685068,38.55563641404166,25.07537166025575
19183,IA,Washington,Upper Midwest,57315.0,4,13,1,36.4,1,white_not_hispanic_2017,8,21,8.383313341330133,39.69079035052646,29.95468479274956
30049,MT,Lewis and Clark,Northern Rockies & Plains,60370.0,13,23,2,25.3,15,white_not_hispanic_2017,41,55,4.356005788712011,23.3078354351871,29.8470126111226
26093,MI,Livingston,Upper Midwest,79388.0,18,60,6,32.3,20,white_not_hispanic_2017,110,113,4.450430794576664,26.12225512241097,32.91700989231991
1081,AL,Lee,Southeast,47749.0,18,79,3,36.3,7,white_not_hispanic_2017,145,102,9.634999748275689,22.30579469365151,31.6306700901173
19163,IA,Scott,Upper Midwest,56208.0,25,91,4,36.4,21,white_not_hispanic_2017,135,130,6.466544142672384,28.67742155060922,32.25869580014975
55095,WI,Polk,Upper Midwest,53661.0,12,26,1,32.0,4,white_not_hispanic_2017,25,37,5.850456621004566,36.06988838153222,35.4674023338407
17107,IL,Logan,Ohio Valley,53052.0,4,12,1,31.1,2,white_not_hispanic_2017,14,25,10.04568477505214,36.59251166948058,33.82659648425862
22099,LA,St. Martin,South,46560.0,14,31,1,36.2,2,white_not_hispanic_2017,25,25,16.76209443199735,44.97552070367604,23.28437474068542
34031,NJ,Passaic,Northeast,61517.0,243,111,2,27.3,46,white_not_hispanic_2017,347,399,15.50935277201739,33.71845627642671,21.23951534955817
32019,NV,Lyon,West,51344.0,4,26,1,26.7,7,white_not_hispanic_2017,18,23,13.13582452483748,32.91151803880701,40.09230311150812
26043,MI,Dickinson,Upper Midwest,46094.0,6,13,1,32.3,4,white_not_hispanic_2017,20,21,5.268517525994212,33.21899453317612,37.09936756351163
1051,AL,Elmore,Southeast,54553.0,8,55,2,36.3,4,white_not_hispanic_2017,39,40,12.73639044373422,31.70942736567019,29.73884484311267
28131,MS,Stone,South,41884.0,1,15,1,37.3,2,white_not_hispanic_2017,13,6,16.92894224529526,33.58208955223881,34.3364698247891
13045,GA,Carroll,Southeast,50598.0,26,94,2,31.6,9,white_not_hispanic_2017,85,93,14.97204775120507,33.38733451073605,29.56564462798943
13129,GA,Gordon,Southeast,45705.0,11,41,1,31.6,3,white_not_hispanic_2017,39,25,22.08043809573012,34.66277477849818,27.36290135096738
5141,AR,Van Buren,South,38166.0,2,12,1,35.0,1,white_not_hispanic_2017,6,9,15.2099330174808,41.29227250449273,27.66704786799543
29047,MO,Clay,Ohio Valley,65973.0,31,67,6,32.5,28,white_not_hispanic_2017,166,154,6.649187707263346,27.99506758131906,32.50607573417616
36105,NY,Sullivan,Northeast,49016.0,30,52,1,25.7,4,white_not_hispanic_2017,53,90,13.0394823220482,32.31735909218794,28.08778017443496
42079,PA,Luzerne,Northeast,46452.0,60,166,4,31.6,30,white_not_hispanic_2017,212,297,9.83698187611679,38.69611907716954,27.90849155421761
13111,GA,Fannin,Southeast,41487.0,7,16,1,31.6,2,white_not_hispanic_2017,21,30,11.98719231538923,34.20052031218731,31.72403442065239
34019,NJ,Hunterdon,Northeast,113336.0,21,27,3,27.3,28,white_not_hispanic_2017,95,142,4.506926011019161,20.50366933595057,20.97990229974794
13095,GA,Dougherty,Southeast,35750.0,16,88,3,31.6,7,black_2017,92,54,15.60497285939415,29.31885834354754,32.91892838382069
21225,KY,Union,Ohio Valley,47017.0,4,9,1,34.3,1,white_not_hispanic_2017,9,9,8.080380750925437,46.80063458487573,34.01374933897409
51083,VA,Halifax,Southeast,39859.0,9,32,1,30.1,2,white_not_hispanic_2017,28,19,17.55691237717844,36.56140067122236,29.80065504831992
48133,TX,Eastland,South,37789.0,4,19,1,33.0,1,white_not_hispanic_2017,15,13,14.79888490641179,31.047391477499,34.91039426523297
53041,WA,Lewis,Northwest,47127.0,27,37,1,27.7,5,white_not_hispanic_2017,48,66,10.61782220331774,29.66113710477811,40.63696299447044
27147,MN,Steele,Upper Midwest,60619.0,8,13,1,28.4,4,white_not_hispanic_2017,26,27,7.334844559585492,31.81670984455959,34.04711787564767
55003,WI,Ashland,Upper Midwest,41949.0,6,13,1,32.0,2,white_not_hispanic_2017,12,24,6.728603603603604,37.09647147147147,36.96509009009009
5055,AR,Greene,South,45208.0,7,18,1,35.0,3,white_not_hispanic_2017,26,26,10.99723174268389,44.43382546796731,27.29369891906143
23005,ME,Cumberland,Northeast,65475.0,75,146,5,29.1,50,white_not_hispanic_2017,254,394,4.72226242780504,21.62136924132843,25.60452336151874
54061,WV,Monongalia,Ohio Valley,49725.0,16,42,3,38.1,15,white_not_hispanic_2017,105,101,7.189325944220228,26.73031745075598,22.42334799108487
28079,MS,Leake,South,35644.0,2,19,1,37.3,1,white_not_hispanic_2017,11,6,19.53045942116981,36.49733522228968,28.04425554880928
20051,KS,Ellis,South,52265.0,4,17,1,32.4,3,white_not_hispanic_2017,29,27,5.568693693693694,24.74099099099099,31.68918918918919
47105,TN,Loudon,Ohio Valley,56774.0,8,33,1,32.8,5,white_not_hispanic_2017,42,26,13.01702541029705,30.56393476149087,29.16048877754486
20133,KS,Neosho,South,42441.0,4,6,1,32.4,2,white_not_hispanic_2017,6,11,8.026010218300046,32.28982814677195,39.684161634928
6025,CA,Imperial,West,43327.0,35,63,4,25.1,13,hispanic_2017,103,70,29.8135240336743,25.51733502308319,29.28668416764733
42033,PA,Clearfield,Northeast,46173.0,17,32,2,31.6,6,white_not_hispanic_2017,48,70,11.91463537979165,48.32102761201578,22.9880988503422
26073,MI,Isabella,Upper Midwest,42924.0,10,37,3,32.3,5,white_not_hispanic_2017,37,44,7.535875988028547,32.29222622975981,30.62440846187297
29213,MO,Taney,Ohio Valley,38268.0,10,37,1,32.5,4,white_not_hispanic_2017,61,88,9.72283212357606,34.43029473303542,34.65244233203317
42069,PA,Lackawanna,Northeast,47398.0,43,102,3,31.6,24,white_not_hispanic_2017,158,232,8.505546218487394,36.74285714285715,26.06252100840336
40121,OK,Pittsburg,South,44520.0,5,38,1,36.5,2,white_not_hispanic_2017,32,31,13.20687534392905,36.42249053183569,32.06227948078853
13205,GA,Mitchell,Southeast,33490.0,7,22,1,31.6,1,white_not_hispanic_2017,14,8,20.05335415446678,39.01359880278483,29.27971891469842
33019,NH,Sullivan,Northeast,58021.0,7,26,1,28.1,2,white_not_hispanic_2017,18,25,8.89323159004901,36.5500341212234,24.93330851789813
40131,OK,Rogers,South,62622.0,6,29,2,36.5,5,white_not_hispanic_2017,42,35,7.588470776621296,32.80864691753403,35.26501200960769
51107,VA,Loudoun,Southeast,134609.0,58,74,6,30.1,51,white_not_hispanic_2017,269,300,6.082649566756303,12.37904801305477,19.92154879833291
54049,WV,Marion,Ohio Valley,45712.0,9,35,1,38.1,4,white_not_hispanic_2017,39,33,9.771481749560541,40.48960810671078,26.66735601282184
17093,IL,Kendall,Ohio Valley,91952.0,9,30,5,31.1,15,white_not_hispanic_2017,76,66,7.709781360723941,23.2811940593326,33.13292428488538
48355,TX,Nueces,South,53562.0,32,181,6,33.0,33,hispanic_2017,308,288,16.19095048978437,29.25158583782461,32.87696093120228
39071,OH,Highland,Ohio Valley,44729.0,7,26,1,33.8,3,white_not_hispanic_2017,30,14,15.72732516711343,43.65647585762274,26.81958535509484
12063,FL,Jackson,Southeast,37358.0,7,27,1,28.4,2,white_not_hispanic_2017,28,30,17.80865081638499,38.29561730163277,30.9538814093383
18059,IN,Hancock,Ohio Valley,70655.0,5,19,1,33.6,3,white_not_hispanic_2017,43,33,6.972442431106078,31.0966402416006,30.13590033975085
42111,PA,Somerset,Northeast,43938.0,16,29,1,31.6,2,white_not_hispanic_2017,29,65,11.1725583749006,48.74213836477988,23.36261114725656
13219,GA,Oconee,Southeast,88570.0,4,14,1,31.6,6,white_not_hispanic_2017,36,19,5.067869783361207,19.64917739488935,24.7248259499825
48055,TX,Caldwell,South,49598.0,2,20,1,33.0,2,hispanic_2017,22,21,20.28450428928222,37.78188004488363,27.14011655264777
36111,NY,Ulster,Northeast,61421.0,47,106,3,25.7,27,white_not_hispanic_2017,141,252,8.834347366323888,28.81488406307949,29.19648741015463
16045,ID,Gem,Northwest,42027.0,1,8,1,29.3,3,white_not_hispanic_2017,10,9,12.63700838168923,36.05738233397808,32.45486782720825
37077,NC,Granville,Southeast,50414.0,7,39,1,32.1,3,white_not_hispanic_2017,33,18,13.94110718492344,30.82685512367491,31.43227326266195
13297,GA,Walton,Southeast,55267.0,9,49,2,31.6,3,white_not_hispanic_2017,52,37,12.76452804837084,34.95209303069565,29.77910008477694
39141,OH,Ross,Ohio Valley,47507.0,9,34,3,33.8,5,white_not_hispanic_2017,55,38,11.12721535243826,44.42630169155689,28.28495945400507
39151,OH,Stark,Ohio Valley,51036.0,61,137,6,33.8,34,white_not_hispanic_2017,324,239,7.913516922106785,38.06724240023993,30.52131316471466
25009,MA,Essex,Northeast,73503.0,185,300,5,25.9,123,white_not_hispanic_2017,572,646,10.31355562173094,24.50860208964004,24.52815021731306
49043,UT,Summit,Southwest,94540.0,11,14,1,25.3,10,white_not_hispanic_2017,42,84,4.77009024495058,16.02922217447357,23.08408537458817
42095,PA,Northampton,Northeast,65730.0,51,101,2,31.6,28,white_not_hispanic_2017,202,262,8.736091672088788,34.15468728789361,25.26740033047638
51775,VA,Salem,Southeast,57897.0,6,22,1,30.1,2,white_not_hispanic_2017,32,34,9.161849710982658,27.66473988439306,32.91329479768786
42085,PA,Mercer,Northeast,49187.0,14,46,2,31.6,9,white_not_hispanic_2017,75,90,10.14568556411696,41.80741950298515,25.3329591263969
21205,KY,Rowan,Ohio Valley,38684.0,2,19,1,34.3,1,white_not_hispanic_2017,21,13,13.76146788990826,33.26746647847565,27.1347918136909
1033,AL,Colbert,Southeast,46572.0,8,45,1,36.3,5,white_not_hispanic_2017,53,36,14.30508995061033,36.98339176497684,31.34068633723162
24015,MD,Cecil,Northeast,70504.0,16,43,2,31.3,6,white_not_hispanic_2017,61,53,9.960064457367057,35.22454984936594,29.54389406571849
21177,KY,Muhlenberg,Ohio Valley,42098.0,9,20,1,34.3,1,white_not_hispanic_2017,21,15,17.48390064397424,41.59153633854646,27.84728610855566
48479,TX,Webb,South,36718.0,28,85,4,33.0,15,hispanic_2017,175,146,31.84760809777958,24.56966664271389,24.81986425309807
39051,OH,Fulton,Ohio Valley,56504.0,7,20,1,33.8,3,white_not_hispanic_2017,25,31,7.322821001559523,42.56801247617397,33.06186102928435
12097,FL,Osceola,Southeast,50716.0,55,115,9,28.4,16,hispanic_2017,192,230,13.86442930719389,29.36949659411863,33.56786841668051
13059,GA,Clarke,Southeast,36692.0,23,67,2,31.6,26,white_not_hispanic_2017,114,129,10.53902520262018,19.86649272787832,24.24086821361163
1001,AL,Autauga,Southeast,54487.0,3,31,1,36.3,6,white_not_hispanic_2017,44,31,11.28631801373481,31.37876386687797,29.01743264659271
51073,VA,Gloucester,Southeast,64296.0,5,20,1,30.1,5,white_not_hispanic_2017,24,24,10.93064091308165,30.92990927714369,34.13447468539655
27013,MN,Blue Earth,Upper Midwest,53829.0,7,21,2,28.4,9,white_not_hispanic_2017,54,54,5.3789297828178,27.27180681415481,32.79501847820584
23007,ME,Franklin,Northeast,43532.0,14,28,1,29.1,2,white_not_hispanic_2017,20,42,6.403895626607865,38.69900771775082,28.58783535464903
12093,FL,Okeechobee,Southeast,37689.0,9,31,1,28.4,2,white_not_hispanic_2017,14,26,20.24556524098633,38.76132008275955,26.67299799884679
39157,OH,Tuscarawas,Ohio Valley,50273.0,18,39,1,33.8,5,white_not_hispanic_2017,79,72,12.87148909461792,45.22203044092264,24.04205240859878
1071,AL,Jackson,Southeast,41407.0,11,42,1,36.3,1,white_not_hispanic_2017,32,26,16.53819201121233,39.08414640720177,28.15751172443534
45035,SC,Dorchester,Southeast,58167.0,19,54,1,34.1,10,white_not_hispanic_2017,76,78,11.02197963759327,26.10541404785533,34.66295438673871
51683,VA,Manassas,Southeast,72396.0,17,22,1,30.1,10,white_not_hispanic_2017,53,46,14.33730860389,26.74090515781949,27.61747112599225
21151,KY,Madison,Ohio Valley,45406.0,8,46,3,34.3,11,white_not_hispanic_2017,65,52,11.92472319501928,26.50783543811242,29.45275743747568
51001,VA,Accomack,Southeast,39040.0,9,32,1,30.1,2,white_not_hispanic_2017,18,37,17.54083903750053,36.83282240792845,25.91861588208121
37047,NC,Columbus,Southeast,35290.0,16,36,1,32.1,1,white_not_hispanic_2017,46,29,16.01800976800977,37.63227513227513,33.45797720797721
1123,AL,Tallapoosa,Southeast,40169.0,6,35,1,36.3,1,white_not_hispanic_2017,23,19,18.78320658401917,32.93051359516616,29.47181998124805
17201,IL,Winnebago,Ohio Valley,50296.0,58,122,7,31.1,36,white_not_hispanic_2017,213,209,12.18509528482157,30.80359448432577,34.02416980839746
30041,MT,Hill,Northern Rockies & Plains,41705.0,2,10,1,25.3,3,white_not_hispanic_2017,11,15,7.783963277663834,30.20802812774685,35.33548198066217
37057,NC,Davidson,Southeast,46263.0,32,86,3,32.1,22,white_not_hispanic_2017,90,107,15.05426686529049,32.04681847201532,33.97914449882954
45013,SC,Beaufort,Southeast,65354.0,29,75,3,34.1,31,white_not_hispanic_2017,108,290,6.554048152784651,21.90529564179452,29.50013100818073
36095,NY,Schoharie,Northeast,50244.0,2,19,1,25.7,1,white_not_hispanic_2017,13,24,9.324040566501363,36.23285529196265,30.85824062904883
12023,FL,Columbia,Southeast,41667.0,7,57,1,28.4,5,white_not_hispanic_2017,42,40,15.01598745443066,36.43102991792428,33.6530824219466
22019,LA,Calcasieu,South,47052.0,31,149,6,36.2,15,white_not_hispanic_2017,157,103,12.59187146541025,33.6489228093904,31.88023453698268
13143,GA,Haralson,Southeast,43196.0,4,25,1,31.6,1,white_not_hispanic_2017,22,18,17.71959127529966,36.46099430143447,28.55669090194537
56005,WY,Campbell,Northern Rockies & Plains,79148.0,5,18,1,28.8,5,white_not_hispanic_2017,29,33,6.74547983310153,35.82025299688721,37.68461487515729
20111,KS,Lyon,South,43600.0,10,14,1,32.4,2,white_not_hispanic_2017,22,29,11.97851297755911,31.33691450374015,29.83081479993975
26055,MI,Grand Traverse,Upper Midwest,57367.0,21,35,4,32.3,11,white_not_hispanic_2017,81,90,4.644498835890395,22.41955704137066,34.52032714464809
48183,TX,Gregg,South,45594.0,15,94,5,33.0,12,white_not_hispanic_2017,129,105,15.40120955171769,27.96807781033731,35.46729846000375
13313,GA,Whitfield,Southeast,46796.0,24,72,2,31.6,3,white_not_hispanic_2017,80,59,28.59094486435116,30.71291745244494,24.28760227492093
29141,MO,Morgan,Ohio Valley,38412.0,9,14,1,32.5,1,white_not_hispanic_2017,9,32,21.73461618329065,39.4614798920191,26.16460164740084
19029,IA,Cass,Upper Midwest,47897.0,6,8,1,36.4,3,white_not_hispanic_2017,8,13,11.13377710972729,32.34915181447284,33.51943311144513
29167,MO,Polk,Ohio Valley,44357.0,2,11,1,32.5,1,white_not_hispanic_2017,14,20,11.28391472868217,37.92151162790698,30.22286821705427
13131,GA,Grady,Southeast,40234.0,5,15,1,31.6,2,white_not_hispanic_2017,18,6,18.729216152019,38.50950118764845,27.48218527315914
13257,GA,Stephens,Southeast,37920.0,6,24,1,31.6,2,white_not_hispanic_2017,15,12,18.40522133938706,39.7105561861521,23.85357548240636
55133,WI,Waukesha,Upper Midwest,82080.0,57,119,10,32.0,75,white_not_hispanic_2017,267,307,3.790004530305638,21.79814503299397,29.62082395372767
13185,GA,Lowndes,Southeast,41331.0,14,95,3,31.6,10,white_not_hispanic_2017,106,92,11.69661142500254,32.67440340455199,29.41219189821203
48309,TX,McLennan,South,46662.0,27,129,4,33.0,22,white_not_hispanic_2017,207,143,14.58152967475998,27.65703136104614,32.73721071470106
39083,OH,Knox,Ohio Valley,53375.0,9,15,1,33.8,1,white_not_hispanic_2017,40,30,8.294352257619774,38.87439066423753,30.25013540794722
13127,GA,Glynn,Southeast,48691.0,19,65,2,31.6,7,white_not_hispanic_2017,89,99,11.37109191939479,26.89964517640758,32.04793465890072
13139,GA,Hall,Southeast,55308.0,35,107,5,31.6,20,white_not_hispanic_2017,118,114,20.80501869144734,28.05835969306676,27.15102992145052
39047,OH,Fayette,Ohio Valley,44257.0,6,19,1,33.8,4,white_not_hispanic_2017,31,20,16.11734693877551,45.12755102040816,23.51020408163265
47165,TN,Sumner,Ohio Valley,61134.0,20,70,2,32.8,16,white_not_hispanic_2017,100,95,9.692352950284112,30.31182745753789,31.3902178456965
31159,NE,Seward,Northern Rockies & Plains,66102.0,5,8,1,32.8,2,white_not_hispanic_2017,10,9,5.264608599779493,28.32598309445057,35.70378537302462
26155,MI,Shiawassee,Upper Midwest,52716.0,9,27,2,32.3,6,white_not_hispanic_2017,42,36,7.503685401656873,35.98820671469801,38.73928119095572
49021,UT,Iron,Southwest,45581.0,3,19,1,25.3,5,white_not_hispanic_2017,38,27,6.616244436263846,23.10163649141595,41.41093002242228
18135,IN,Randolph,Ohio Valley,46750.0,4,13,1,33.6,3,white_not_hispanic_2017,9,18,11.29398080837453,42.02384414073859,30.29950567025298
51790,VA,Staunton,Southeast,46237.0,8,18,1,30.1,4,white_not_hispanic_2017,26,27,10.26727693959428,29.44566875741651,29.17443634514325
13011,GA,Banks,Southeast,43370.0,1,11,1,31.6,1,white_not_hispanic_2017,11,13,24.92204730397749,33.57669784774507,25.75100768119248
13241,GA,Rabun,Southeast,41913.0,4,13,1,31.6,1,white_not_hispanic_2017,20,29,14.9896225689907,29.32585133369206,27.2964870474287
53035,WA,Kitsap,Northwest,68706.0,46,74,5,27.7,27,white_not_hispanic_2017,151,191,5.121401299626703,21.30026481755241,39.17651312920757
40031,OK,Comanche,South,48493.0,12,52,4,36.5,7,white_not_hispanic_2017,93,81,9.244217529202444,32.92333874835615,34.64969959516258
48097,TX,Cooke,South,59243.0,5,33,1,33.0,2,white_not_hispanic_2017,20,28,12.60733517683016,30.82884587396303,34.79842817639354
47143,TN,Rhea,Ohio Valley,42137.0,6,26,1,32.8,2,white_not_hispanic_2017,20,19,17.4627197863343,38.16158468729135,27.76763854885377
17051,IL,Fayette,Ohio Valley,46290.0,3,10,1,31.1,1,white_not_hispanic_2017,11,19,13.53235139400316,39.95265649658074,34.15307732772225
35001,NM,Bernalillo,Southwest,50599.0,78,225,15,28.4,72,hispanic_2017,568,445,10.00640508661762,22.92425187098751,31.78774266447347
34015,NJ,Gloucester,Northeast,79332.0,40,93,7,27.3,41,white_not_hispanic_2017,198,160,6.539562052452892,31.90958374721403,27.75446867602655
18057,IN,Hamilton,Ohio Valley,92406.0,37,61,7,33.6,69,white_not_hispanic_2017,247,246,2.874233753727059,14.86378872900346,22.89571642869048
36065,NY,Oneida,Northeast,52404.0,71,99,4,25.7,30,white_not_hispanic_2017,150,211,10.96095812306665,30.82525342254311,31.57118826664651
54087,WV,Roane,Ohio Valley,35135.0,3,6,1,38.1,1,white_not_hispanic_2017,6,3,18.70416875941738,44.04821697639377,24.26921145153189
18017,IN,Cass,Ohio Valley,46287.0,8,17,1,33.6,3,white_not_hispanic_2017,31,22,14.75270806830885,40.79642265140125,31.45599629929455
16031,ID,Cassia,Northwest,48983.0,5,21,1,29.3,6,white_not_hispanic_2017,22,19,15.07126886528787,28.67523756288429,36.82923420905534
39137,OH,Putnam,Ohio Valley,61069.0,5,14,1,33.8,1,white_not_hispanic_2017,23,21,6.051898678219354,40.64807037708324,30.0826665487821
55115,WI,Shawano,Upper Midwest,50203.0,9,18,1,32.0,1,white_not_hispanic_2017,16,48,8.006849315068493,43.80821917808219,31.85273972602739
34007,NJ,Camden,Northeast,65838.0,147,150,2,27.3,69,white_not_hispanic_2017,393,344,11.18281969201546,29.53087140229372,27.0351839296493
45077,SC,Pickens,Southeast,46154.0,13,58,5,34.1,13,white_not_hispanic_2017,92,81,13.79826436926173,28.5964029681801,30.80241479059238
55059,WI,Kenosha,Upper Midwest,59622.0,38,65,4,32.0,13,white_not_hispanic_2017,113,118,9.812920403587444,29.30213004484305,33.12254764573991
19153,IA,Polk,Upper Midwest,64169.0,79,182,10,36.4,75,white_not_hispanic_2017,368,375,7.882776751280367,24.76531789040314,29.78540692699743
29175,MO,Randolph,Ohio Valley,43386.0,4,10,1,32.5,2,white_not_hispanic_2017,13,20,11.42907200840974,36.87437948957542,33.75576709688723
23009,ME,Hancock,Northeast,53941.0,30,28,1,29.1,8,white_not_hispanic_2017,47,108,5.272675359284286,31.57656800228419,27.9694489388027
21111,KY,Jefferson,Ohio Valley,52008.0,155,267,17,34.3,89,white_not_hispanic_2017,660,626,9.187681907802084,26.15885832316214,30.74678433949864
32013,NV,Humboldt,West,68999.0,4,13,1,26.7,4,white_not_hispanic_2017,12,16,15.96706345654703,32.4800859214177,32.70383961335362
22061,LA,Lincoln,South,39158.0,4,26,1,36.2,3,white_not_hispanic_2017,37,28,11.21901950120426,27.74842669567244,25.87211560873281
13071,GA,Colquitt,Southeast,34931.0,14,41,1,31.6,2,white_not_hispanic_2017,29,19,25.40039619917403,38.30373031595206,22.62364436087701
12009,FL,Brevard,Southeast,51214.0,80,299,12,28.4,55,white_not_hispanic_2017,375,507,7.815050723770516,26.7048854227583,34.56735209047865
45087,SC,Union,Southeast,39119.0,4,23,1,34.1,1,white_not_hispanic_2017,15,15,15.80568963746534,40.03799938379377,30.67679983567834
8085,CO,Montrose,Southwest,43285.0,8,9,1,22.6,4,white_not_hispanic_2017,22,37,11.07041509932027,32.29063551771926,32.0794562132911
17095,IL,Knox,Ohio Valley,43277.0,9,20,1,31.1,3,white_not_hispanic_2017,38,41,11.34298409058334,35.26730686541493,34.19234628063638
53037,WA,Kittitas,Northwest,50410.0,11,17,2,27.7,7,white_not_hispanic_2017,47,51,8.15422420655522,24.83646557989825,32.94569618938844
48453,TX,Travis,South,70068.0,151,527,16,33.0,219,white_not_hispanic_2017,946,981,9.73916939784693,15.73032799569478,22.99653781039027
27139,MN,Scott,Upper Midwest,91046.0,13,29,3,28.4,14,white_not_hispanic_2017,73,66,4.949269203731101,21.109677148583,33.06262918778264
40087,OK,McClain,South,61730.0,2,27,2,36.5,1,white_not_hispanic_2017,24,21,10.62420477509169,31.16907417109498,32.83811091984133
1025,AL,Clarke,Southeast,34061.0,6,13,2,36.3,2,white_not_hispanic_2017,25,13,17.38609830569359,41.5613961563791,27.2645632521104
20037,KS,Crawford,South,39521.0,5,18,1,32.4,3,white_not_hispanic_2017,16,33,6.876778660323662,30.95187529201886,32.68487448498492
42081,PA,Lycoming,Northeast,48962.0,18,49,1,31.6,5,white_not_hispanic_2017,69,103,9.534045725646124,37.74229622266402,29.25695825049702
20151,KS,Pratt,South,51419.0,2,2,1,32.4,2,white_not_hispanic_2017,10,12,8.308507116848727,24.82621648460775,37.37173121482953
37125,NC,Moore,Southeast,54545.0,19,48,1,32.1,5,white_not_hispanic_2017,66,94,7.624763810158942,21.71557185728576,31.93703456707792
37179,NC,Union,Southeast,72548.0,36,73,3,32.1,24,white_not_hispanic_2017,127,108,10.41201972399643,23.61452162689876,29.96922262302678
12131,FL,Walton,Southeast,54686.0,9,36,2,28.4,9,white_not_hispanic_2017,46,113,10.68578100178001,28.87821310314468,30.3998315692767
48477,TX,Washington,South,53157.0,3,25,1,33.0,4,white_not_hispanic_2017,28,28,12.47615413964136,31.0059773623299,28.42850481156471
56021,WY,Laramie,Northern Rockies & Plains,61124.0,9,31,3,28.8,11,white_not_hispanic_2017,69,54,5.852936824974108,25.50377274744784,38.42284361591952
39135,OH,Preble,Ohio Valley,57896.0,5,16,1,33.8,1,white_not_hispanic_2017,23,23,9.483835160260858,43.16289718329402,29.11752462883308
45003,SC,Aiken,Southeast,47394.0,27,103,5,34.1,12,white_not_hispanic_2017,109,102,10.83140472390946,31.93443006458405,29.4555055184687
36055,NY,Monroe,Northeast,54684.0,190,292,11,25.7,89,white_not_hispanic_2017,561,623,9.152769549043795,23.0623840557892,28.56729377713459
37109,NC,Lincoln,Southeast,50714.0,15,40,2,32.1,7,white_not_hispanic_2017,60,38,11.2091197292991,30.73145091082311,35.00386011596774
48201,TX,Harris,South,56415.0,766,2199,64,33.0,386,hispanic_2017,3419,2967,18.16180603676748,22.82029354706486,26.75415934000644
41059,OR,Umatilla,Northwest,49667.0,14,34,4,29.4,3,white_not_hispanic_2017,38,64,17.0004914004914,28.96707616707616,36.53071253071253
1079,AL,Lawrence,Southeast,43107.0,3,20,1,36.3,2,white_not_hispanic_2017,15,15,19.21712747318491,39.67351822571685,25.25960429041494
21029,KY,Bullitt,Ohio Valley,63570.0,5,28,1,34.3,6,white_not_hispanic_2017,37,22,11.21490385462749,41.48263038229022,31.64425330912809
51810,VA,Virginia Beach,Southeast,70596.0,77,160,8,30.1,59,white_not_hispanic_2017,440,525,5.970873629342505,20.76151772916552,35.99704918351037
29225,MO,Webster,Ohio Valley,46989.0,4,17,1,32.5,2,white_not_hispanic_2017,21,11,13.17921359415135,37.56569847856155,31.5747875913851
39095,OH,Lucas,Ohio Valley,45251.0,75,169,10,33.8,40,white_not_hispanic_2017,388,336,10.32135215650945,29.46461782059288,33.5425176509932
42083,PA,McKean,Northeast,43082.0,12,25,1,31.6,2,white_not_hispanic_2017,28,31,8.221241058287983,46.82205565253106,26.00198514563439
13001,GA,Appling,Southeast,37954.0,2,14,1,31.6,1,white_not_hispanic_2017,15,10,22.75895607067596,37.51013130166964,30.22369914086562
27109,MN,Olmsted,Upper Midwest,72511.0,26,39,6,28.4,19,white_not_hispanic_2017,106,101,5.49912599801578,19.24505125903529,28.567109179383
40037,OK,Creek,South,45630.0,6,29,2,36.5,1,white_not_hispanic_2017,34,32,10.69064160196159,40.77850429096853,32.48263179403351
40099,OK,Murray,South,48008.0,2,10,1,36.5,2,white_not_hispanic_2017,11,12,15.07641470466749,39.79760429574556,26.60057827344073
42021,PA,Cambria,Northeast,43614.0,29,49,2,31.6,10,white_not_hispanic_2017,106,86,7.988272153774504,44.32342605529447,25.71658410601635
39077,OH,Huron,Ohio Valley,51278.0,10,30,1,33.8,2,white_not_hispanic_2017,52,27,10.80788226993247,45.35077109162383,29.09736921681282
41061,OR,Union,Northwest,47309.0,7,12,2,29.4,2,white_not_hispanic_2017,19,21,7.141241660070112,32.90738437181952,35.77971276716047
27053,MN,Hennepin,Upper Midwest,71184.0,232,327,19,28.4,207,white_not_hispanic_2017,991,966,6.357411731562716,15.87108359090581,26.74203548487947
13107,GA,Emanuel,Southeast,32495.0,3,18,1,31.6,1,white_not_hispanic_2017,16,20,20.75307067588429,42.95590308074367,24.9010000671186
45069,SC,Marlboro,Southeast,32991.0,4,31,1,34.1,1,white_not_hispanic_2017,10,6,22.36653766633091,44.55282828818321,25.39892912050045
26111,MI,Midland,Upper Midwest,58526.0,16,34,2,32.3,7,white_not_hispanic_2017,56,46,5.605694241051664,29.08422163947825,30.55546095426217
55089,WI,Ozaukee,Upper Midwest,85706.0,12,27,3,32.0,12,white_not_hispanic_2017,51,76,3.188857473332476,20.85689500064259,26.31409844492996
16017,ID,Bonner,Northwest,48097.0,12,23,1,29.3,6,white_not_hispanic_2017,23,44,8.489999399363326,29.36212385128236,35.50663703525737
17195,IL,Whiteside,Ohio Valley,51567.0,7,26,1,31.1,2,white_not_hispanic_2017,33,50,8.65084641742955,37.60803968700455,34.83864368639084
5045,AR,Faulkner,South,50909.0,13,52,2,35.0,7,white_not_hispanic_2017,84,75,7.937944408532643,30.65287653522948,29.31868131868132
47071,TN,Hardin,Ohio Valley,37039.0,7,20,1,32.8,3,white_not_hispanic_2017,12,25,17.20071086218967,41.9516398298239,24.34702999623028
17077,IL,Jackson,Ohio Valley,34982.0,13,22,2,31.1,6,white_not_hispanic_2017,44,50,7.356018691052949,24.3241693661669,32.78101080755669
6013,CA,Contra Costa,West,90920.0,200,223,5,25.1,140,white_not_hispanic_2017,701,757,10.10081051147805,17.23645791381394,29.33762082158679
51153,VA,Prince William,Southeast,97549.0,64,122,11,30.1,54,white_not_hispanic_2017,295,259,10.82307800290113,19.89812629932418,27.36117702895112
8015,CO,Chaffee,Southwest,49877.0,7,17,1,22.6,4,white_not_hispanic_2017,21,38,5.915157591327778,26.55554859327026,32.00075192681246
27037,MN,Dakota,Upper Midwest,79111.0,50,110,13,28.4,60,white_not_hispanic_2017,266,252,5.039971106897534,19.84178248216754,32.54676029143139
28071,MS,Lafayette,South,42287.0,4,28,1,37.3,10,white_not_hispanic_2017,51,61,7.921429721461923,19.06617291901465,25.94751247786186
12111,FL,St. Lucie,Southeast,45509.0,44,115,6,28.4,20,white_not_hispanic_2017,138,177,12.73716094689218,32.17997957884574,32.61232702897839
19021,IA,Buena Vista,Upper Midwest,52344.0,5,12,1,36.4,4,white_not_hispanic_2017,8,16,22.14646667201412,30.09545199326221,26.95917221464666
55113,WI,Sawyer,Upper Midwest,44180.0,5,11,1,32.0,1,white_not_hispanic_2017,8,47,7.854375201808201,32.95124313852115,34.33161123668066
29027,MO,Callaway,Ohio Valley,53186.0,4,26,1,32.5,3,white_not_hispanic_2017,21,25,11.78831526136915,35.49117980255705,29.26687166208125
55055,WI,Jefferson,Upper Midwest,60744.0,13,36,2,32.0,10,white_not_hispanic_2017,47,66,7.959719048827959,32.51925192519252,32.83574511297284
22111,LA,Union,South,42166.0,3,15,1,36.2,2,white_not_hispanic_2017,8,6,14.97642250864508,44.53316567117259,23.49575605155611
17063,IL,Grundy,Ohio Valley,71969.0,6,18,1,31.1,7,white_not_hispanic_2017,41,37,6.444293838583256,31.72348763886024,36.40863953796741
49057,UT,Weber,Southwest,62768.0,29,88,6,25.3,11,white_not_hispanic_2017,154,138,8.450588953733607,29.25315252359277,37.19379757115606
26163,MI,Wayne,Upper Midwest,43570.0,405,859,33,32.3,110,white_not_hispanic_2017,1253,1110,12.84350478260943,29.22092499227795,32.70074384894144
6053,CA,Monterey,West,62999.0,112,123,5,25.1,29,hispanic_2017,264,380,26.99787375607498,20.05612126822495,26.69629426058783
45021,SC,Cherokee,Southeast,38273.0,9,42,1,34.1,3,white_not_hispanic_2017,38,35,18.5251102685135,36.2377157006887,30.85454873739328
37065,NC,Edgecombe,Southeast,34612.0,11,33,1,32.1,2,white_not_hispanic_2017,31,18,16.97858383175767,37.89311209724098,28.92423031338717
41003,OR,Benton,Northwest,56167.0,13,24,3,29.4,12,white_not_hispanic_2017,63,81,3.82506852728632,13.74639564273255,29.15880531130967
22041,LA,Franklin,South,31873.0,2,19,1,36.2,1,white_not_hispanic_2017,12,6,23.75418994413408,41.42271880819367,21.61638733705773
28133,MS,Sunflower,South,29529.0,5,24,1,37.3,1,black_2017,15,10,25.08630609896433,32.25546605293441,26.1795166858458
32005,NV,Douglas,West,61988.0,6,17,2,26.7,7,white_not_hispanic_2017,31,54,5.829263113187514,23.64355489488214,38.67328519855596
28087,MS,Lowndes,South,44142.0,7,53,1,37.3,8,white_not_hispanic_2017,47,47,13.1729055258467,33.16271963330787,29.70715558950853
48181,TX,Grayson,South,51808.0,13,71,3,33.0,10,white_not_hispanic_2017,90,75,10.35538739778313,29.97436950081552,39.08373739279018
16011,ID,Bingham,Northwest,51586.0,6,18,1,29.3,2,white_not_hispanic_2017,17,20,10.58464849354376,33.08106169296987,35.84648493543759
39081,OH,Jefferson,Ohio Valley,43558.0,16,27,1,33.8,5,white_not_hispanic_2017,46,41,8.549585899341686,43.9817370991718,29.97026969632618
41013,OR,Crook,Northwest,45350.0,4,10,1,29.4,2,white_not_hispanic_2017,9,16,10.71287908625443,32.52124008327238,37.9283182355258
13123,GA,Gilmer,Southeast,46332.0,8,14,1,31.6,2,white_not_hispanic_2017,23,23,15.62608847091606,35.47979797979798,27.46865203761755
5037,AR,Cross,South,40970.0,3,10,1,35.0,2,white_not_hispanic_2017,11,8,18.5861586857742,40.28311779098217,26.441803565187
18041,IN,Fayette,Ohio Valley,44673.0,3,11,1,33.6,2,white_not_hispanic_2017,23,14,16.53762774852896,44.4781666150511,24.20563641994426
48493,TX,Wilson,South,66045.0,3,20,1,33.0,3,white_not_hispanic_2017,21,22,11.4300856814769,34.33442275417366,31.32232134970409
55079,WI,Milwaukee,Upper Midwest,47666.0,229,336,14,32.0,93,white_not_hispanic_2017,617,672,11.25972292247347,29.02179393270612,28.38268915503721
13275,GA,Thomas,Southeast,40199.0,7,45,1,31.6,6,white_not_hispanic_2017,39,32,13.92425833552113,31.00223155683907,30.95300603833027
6085,CA,Santa Clara,West,110843.0,348,364,11,25.1,262,white_not_hispanic_2017,1544,1712,11.25958169831291,14.00581931771819,21.26027536217831
26025,MI,Calhoun,Upper Midwest,46423.0,24,68,4,32.3,8,white_not_hispanic_2017,97,78,9.224364592462752,35.7646801051709,33.55390008764242
35013,NM,Doña Ana,Southwest,38287.0,21,60,4,28.4,11,hispanic_2017,122,114,19.43973538874197,21.50267851088357,29.5570473844021
31141,NE,Platte,Northern Rockies & Plains,59288.0,5,21,1,32.8,5,white_not_hispanic_2017,23,19,9.972160102231756,29.64264524667975,37.00424444343024
22001,LA,Acadia,South,40218.0,19,41,1,36.2,10,white_not_hispanic_2017,32,21,19.25383559334281,42.44321876731135,23.10508441918158
30111,MT,Yellowstone,Northern Rockies & Plains,57351.0,18,53,5,25.3,36,white_not_hispanic_2017,111,126,5.169385879505355,29.27741430612301,32.72427818775763
46135,SD,Yankton,Northern Rockies & Plains,54665.0,1,19,1,31.9,3,white_not_hispanic_2017,19,17,9.556786703601109,32.20851170989675,31.54746915134727
27131,MN,Rice,Upper Midwest,67726.0,9,21,1,28.4,5,white_not_hispanic_2017,33,37,8.510487695538306,31.64004435740745,31.34983365972206
12019,FL,Clay,Southeast,57476.0,21,76,4,28.4,19,white_not_hispanic_2017,114,105,7.923246295370732,29.68633913736508,36.23782571694876
54103,WV,Wetzel,Ohio Valley,42679.0,7,10,1,38.1,2,white_not_hispanic_2017,13,11,13.4020618556701,47.87484174353409,26.12588171459577
6067,CA,Sacramento,West,59728.0,275,384,22,25.1,148,white_not_hispanic_2017,1075,981,12.06086658089948,22.11920999603119,34.37132717369006
1095,AL,Marshall,Southeast,42117.0,22,74,3,36.3,4,white_not_hispanic_2017,80,62,16.67547650881502,31.07490438730139,31.5755107117316
48021,TX,Bastrop,South,56449.0,11,46,2,33.0,5,white_not_hispanic_2017,38,43,16.85125473152951,30.61299593438946,31.00028038693397
26021,MI,Berrien,Upper Midwest,47237.0,33,68,4,32.3,11,white_not_hispanic_2017,108,146,9.528844370246707,28.50213318493786,34.41662029308106
55101,WI,Racine,Upper Midwest,56246.0,38,83,2,32.0,10,white_not_hispanic_2017,116,127,8.92020879940343,31.48098434004474,33.82028337061895
51191,VA,Washington,Southeast,44785.0,13,36,2,30.1,2,white_not_hispanic_2017,31,36,13.793964204588,32.82494196350566,29.17051496467886
29065,MO,Dent,Ohio Valley,38722.0,4,6,1,32.5,1,white_not_hispanic_2017,7,9,16.07580016320609,39.15132831625714,29.85764801885937
23001,ME,Androscoggin,Northeast,48494.0,24,64,2,29.1,11,white_not_hispanic_2017,77,72,8.736793142401488,35.55717987906174,32.98425144527876
16027,ID,Canyon,Northwest,48461.0,25,56,5,29.3,10,white_not_hispanic_2017,109,84,13.73163127920456,31.04592810189285,35.0649070134134
27111,MN,Otter Tail,Upper Midwest,51252.0,13,39,1,28.4,6,white_not_hispanic_2017,31,49,7.884823035392921,27.24655068986203,38.97060587882423
8069,CO,Larimer,Southwest,66561.0,36,86,9,22.6,55,white_not_hispanic_2017,271,298,3.814322008353787,18.61861085992335,29.87469319209404
45083,SC,Spartanburg,Southeast,47706.0,45,176,6,34.1,33,white_not_hispanic_2017,221,210,12.87509231775182,30.65890178332024,31.63782275932468
24045,MD,Wicomico,Northeast,50015.0,10,52,3,31.3,7,white_not_hispanic_2017,86,61,12.33744325849589,33.05422647527911,26.60869831922463
12113,FL,Santa Rosa,Southeast,62668.0,14,55,3,28.4,18,white_not_hispanic_2017,88,68,8.504375560333543,27.15624280987933,37.07761760062202
39017,OH,Butler,Ohio Valley,63094.0,46,139,7,33.8,39,white_not_hispanic_2017,275,226,8.425269695845849,32.84889289193011,27.46720245833826
17097,IL,Lake,Ohio Valley,83344.0,117,200,13,31.1,119,white_not_hispanic_2017,567,504,9.204775575421088,20.0980488325911,24.64278007023418
48375,TX,Potter,South,41563.0,16,61,4,33.0,8,white_not_hispanic_2017,122,110,22.80570941627609,32.49893481039625,29.31534938219003
22103,LA,St. Tammany,South,65861.0,38,110,7,36.2,33,white_not_hispanic_2017,190,226,9.5112591004007,25.18539420960551,31.02771036740222
12051,FL,Hendry,Southeast,39911.0,10,27,2,28.4,3,hispanic_2017,21,19,30.91966966966967,33.57732732732732,27.28228228228228
42101,PA,Philadelphia,Northeast,41514.0,679,474,5,31.6,119,white_not_hispanic_2017,1427,1150,14.26096501561976,31.79233158055703,22.71365252895962
48277,TX,Lamar,South,41887.0,4,34,1,33.0,7,white_not_hispanic_2017,38,43,13.92627267407841,33.47864248098303,33.85313048566413
34021,NJ,Mercer,Northeast,76988.0,118,90,3,27.3,51,white_not_hispanic_2017,299,284,10.37563697154021,25.39668472678201,20.69648935527402
51600,VA,Fairfax,Southeast,94701.0,18,18,1,30.1,17,white_not_hispanic_2017,81,92,7.424043920394285,13.40071121093019,18.88452180422983
37089,NC,Henderson,Southeast,53638.0,22,41,2,32.1,12,white_not_hispanic_2017,65,76,8.56167936643342,25.77726030871385,34.13028692634904
18105,IN,Monroe,Ohio Valley,44442.0,20,47,2,33.6,13,white_not_hispanic_2017,107,125,6.974321762131036,22.02429718405468,25.70983825284989
12055,FL,Highlands,Southeast,36864.0,11,53,2,28.4,7,white_not_hispanic_2017,44,52,14.65211493709322,37.17659942506565,30.63703224361288
51031,VA,Campbell,Southeast,49935.0,10,38,1,30.1,6,white_not_hispanic_2017,37,28,11.20540743522343,33.50356740518212,31.79872324446114
47059,TN,Greene,Ohio Valley,40855.0,13,45,1,32.8,1,white_not_hispanic_2017,43,40,15.52837240910635,42.65555355679479,25.75803002138674
48039,TX,Brazoria,South,74510.0,31,147,10,33.0,27,white_not_hispanic_2017,216,192,11.15916703677109,25.02666827160545,32.72746894235918
51550,VA,Chesapeake,Southeast,71998.0,28,105,7,30.1,31,white_not_hispanic_2017,193,190,6.776432250990768,23.71414395707382,34.91488879496744
8043,CO,Fremont,Southwest,46372.0,5,12,1,22.6,3,white_not_hispanic_2017,17,31,10.68692064512672,38.69152869313615,32.13577667041741
54067,WV,Nicholas,Ohio Valley,37359.0,6,19,1,38.1,1,white_not_hispanic_2017,14,25,11.72428956191942,48.37025229483867,22.15687352278349
26045,MI,Eaton,Upper Midwest,57807.0,11,43,5,32.3,8,white_not_hispanic_2017,72,66,5.42305802012468,26.75185597144261,38.66370056131819
56013,WY,Fremont,Northern Rockies & Plains,49282.0,9,20,1,28.8,6,white_not_hispanic_2017,23,30,8.202993136041409,30.19016541014966,36.79531900528863
5125,AR,Saline,South,63618.0,12,37,2,35.0,12,white_not_hispanic_2017,70,45,8.718827336759945,30.96087949743004,32.68846373500857
27015,MN,Brown,Upper Midwest,56049.0,7,11,1,28.4,5,white_not_hispanic_2017,20,21,7.063197026022305,35.81552044609666,34.49697955390334
54003,WV,Berkeley,Ohio Valley,56966.0,12,41,2,38.1,10,white_not_hispanic_2017,57,60,9.693927763015452,37.39420332644425,30.10161401436867
39113,OH,Montgomery,Ohio Valley,47239.0,85,200,12,33.8,67,white_not_hispanic_2017,487,332,9.4696389077452,27.78455996671557,34.42036919438544
13277,GA,Tift,Southeast,39982.0,8,50,1,31.6,4,white_not_hispanic_2017,43,30,16.80607485641599,34.00917395829318,31.91997841421578
37025,NC,Cabarrus,Southeast,63059.0,31,73,6,32.1,22,white_not_hispanic_2017,160,133,9.413011623109645,25.40936962057732,31.65768021510578
47187,TN,Williamson,Ohio Valley,107942.0,28,61,4,32.8,52,white_not_hispanic_2017,181,190,4.778687606637725,13.02380121081166,21.7359798154138
21183,KY,Ohio,Ohio Valley,40859.0,3,21,1,34.3,1,white_not_hispanic_2017,13,13,17.88702290076336,40.38473282442748,28.73282442748092
51680,VA,Lynchburg,Southeast,41586.0,18,43,3,30.1,14,white_not_hispanic_2017,87,79,11.429074967506,24.30330667724099,28.30392351243584
51570,VA,Colonial Heights,Southeast,52673.0,4,14,2,30.1,2,white_not_hispanic_2017,37,35,8.175531039025193,30.99785937757286,34.21702618145891
39091,OH,Logan,Ohio Valley,53760.0,12,16,1,33.8,2,white_not_hispanic_2017,38,33,7.464928258716006,45.46064615089637,30.01310197168696
38035,ND,Grand Forks,Northern Rockies & Plains,51820.0,11,31,4,33.2,7,white_not_hispanic_2017,55,47,4.596434049079755,21.89896472392638,37.29390337423312
26143,MI,Roscommon,Upper Midwest,37817.0,4,19,1,32.3,3,white_not_hispanic_2017,18,30,10.00314564328405,36.55237496067946,37.18150361748977
53047,WA,Okanogan,Northwest,41726.0,18,25,1,27.7,5,white_not_hispanic_2017,19,46,15.40939142227496,29.64231225631463,34.71435836582472
4021,AZ,Pinal,Southwest,52642.0,31,83,7,29.5,13,white_not_hispanic_2017,132,116,12.94349983141467,30.32705553682386,35.83289180033075
32003,NV,Clark,West,54455.0,201,681,26,26.7,169,white_not_hispanic_2017,1867,1394,13.7460507751867,28.29568863748799,32.79564544795399
1003,AL,Baldwin,Southeast,56460.0,29,118,7,36.3,21,white_not_hispanic_2017,156,236,9.528615416262221,27.1735566940725,31.39049774046528
21047,KY,Christian,Ohio Valley,41081.0,12,33,2,34.3,7,white_not_hispanic_2017,50,39,13.36932672632695,29.86465498114045,38.01987032517319
37145,NC,Person,Southeast,47974.0,5,39,1,32.1,7,white_not_hispanic_2017,26,13,11.82210280704235,35.95418228098706,36.51276249734851
6065,CA,Riverside,West,59951.0,349,456,27,25.1,180,hispanic_2017,1541,1211,17.24017400143468,26.6679178714236,32.84343208823765
42063,PA,Indiana,Northeast,43171.0,9,35,2,31.6,4,white_not_hispanic_2017,48,46,9.225933908045977,41.49784482758621,24.27622126436782
17007,IL,Boone,Ohio Valley,62081.0,6,21,1,31.1,3,white_not_hispanic_2017,27,16,13.31510127339543,32.27929236817366,30.22248810642965
46011,SD,Brookings,Northern Rockies & Plains,58591.0,4,17,1,31.9,6,white_not_hispanic_2017,25,25,3.630380553049201,25.09420943686641,29.02712170266971
28137,MS,Tate,South,45643.0,1,14,1,37.3,1,white_not_hispanic_2017,22,6,13.76520387933344,33.6548250549215,35.3587311793388
51510,VA,Alexandria,Southeast,87822.0,37,47,1,30.1,29,white_not_hispanic_2017,125,178,6.984169327342298,10.30702668456197,17.65299232224881
20113,KS,McPherson,South,56488.0,7,9,1,32.4,4,white_not_hispanic_2017,20,23,8.574655986855618,27.17703840624358,35.41795029780243
41031,OR,Jefferson,Northwest,44943.0,7,10,1,29.4,3,white_not_hispanic_2017,12,13,11.69731685257763,30.3406692794694,36.52698221284293
20175,KS,Seward,South,48648.0,5,6,1,32.4,1,hispanic_2017,10,17,30.11257035647279,30.62070043777361,28.05659787367104
49041,UT,Sevier,Southwest,50909.0,3,12,1,25.3,2,white_not_hispanic_2017,17,15,8.953894127255179,31.22726260301433,38.91899918330982
21227,KY,Warren,Ohio Valley,47253.0,19,49,4,34.3,13,white_not_hispanic_2017,97,96,11.70398243963625,26.78958921291941,29.2793979303857
27137,MN,St. Louis,Upper Midwest,50156.0,32,105,4,28.4,20,white_not_hispanic_2017,121,169,5.535404163643958,25.9286127781808,38.38803520264972
13233,GA,Polk,Southeast,42470.0,10,38,2,31.6,3,white_not_hispanic_2017,27,28,19.25904673098304,38.84804361080228,29.15037836674676
39173,OH,Wood,Ohio Valley,60347.0,16,39,5,33.8,12,white_not_hispanic_2017,119,92,5.085162639119473,30.43472913976511,30.15310828260468
48141,TX,El Paso,South,42048.0,116,241,16,33.0,70,hispanic_2017,601,536,21.04581417602166,23.15739725068266,31.76885196163092
48187,TX,Guadalupe,South,67683.0,8,59,3,33.0,6,white_not_hispanic_2017,71,57,11.19109461966605,30.65769944341373,30.13265306122449
5035,AR,Crittenden,South,37627.0,9,30,1,35.0,2,white_not_hispanic_2017,30,22,16.2710107847265,34.33623732875603,31.94287009748356
16087,ID,Washington,Northwest,41647.0,2,6,1,29.3,1,white_not_hispanic_2017,7,8,12.6149986060775,30.27599665458601,38.12378031781433
49007,UT,Carbon,Southwest,49743.0,4,10,1,25.3,2,white_not_hispanic_2017,15,14,7.841954456341426,29.38470818881013,46.01115970441864
6081,CA,San Mateo,West,107075.0,182,148,4,25.1,107,white_not_hispanic_2017,593,828,9.572362947045503,14.88174050197883,23.4737325721893
26033,MI,Chippewa,Upper Midwest,43683.0,13,21,1,32.3,1,white_not_hispanic_2017,23,40,7.849437686481524,33.19179863820671,36.33998928926631
28123,MS,Scott,South,34452.0,8,30,1,37.3,1,white_not_hispanic_2017,19,16,22.48087253784796,34.46741548646155,31.79771013077215
28047,MS,Harrison,South,42988.0,20,95,5,37.3,23,white_not_hispanic_2017,170,183,10.97772656329769,28.39097393409864,36.91235030704377
1019,AL,Cherokee,Southeast,41456.0,5,18,1,36.3,1,white_not_hispanic_2017,15,12,17.17599122394609,39.15269289035157,30.73708405161156
37001,NC,Alamance,Southeast,46060.0,29,81,4,32.1,15,white_not_hispanic_2017,129,125,12.50928885427019,27.93012990966309,34.22237740950641
22097,LA,St. Landry,South,32185.0,31,56,2,36.2,8,white_not_hispanic_2017,43,24,23.33681189668667,39.24937572211248,22.29883343893258
26087,MI,Lapeer,Upper Midwest,56079.0,10,39,2,32.3,4,white_not_hispanic_2017,41,44,8.760496502493666,36.20835258687997,36.72461320288723
47123,TN,Monroe,Ohio Valley,38265.0,12,29,2,32.8,2,white_not_hispanic_2017,28,31,15.35652856151362,40.10682277678868,29.20124324813664
31185,NE,York,Northern Rockies & Plains,53960.0,4,6,1,32.8,1,white_not_hispanic_2017,12,13,5.742402941494539,26.7221801665405,40.14274899967557
47163,TN,Sullivan,Ohio Valley,43211.0,19,76,3,32.8,20,white_not_hispanic_2017,150,119,12.54643291095296,34.11734073945495,28.84395070300295
36011,NY,Cayuga,Northeast,53437.0,11,29,2,25.7,5,white_not_hispanic_2017,50,65,11.76904265266489,33.07559519528159,33.18168740559592
1047,AL,Dallas,Southeast,30488.0,8,36,1,36.3,2,black_2017,25,12,16.05169653664441,36.22271680137441,31.08039514271211
29009,MO,Barry,Ohio Valley,38060.0,13,19,2,32.5,2,white_not_hispanic_2017,15,27,15.67358030611837,41.45785876993166,27.82639971226472
29007,MO,Audrain,Ohio Valley,42463.0,3,15,1,32.5,1,white_not_hispanic_2017,13,18,13.57199954322257,43.04556354916067,29.07388375014274
18157,IN,Tippecanoe,Ohio Valley,51385.0,25,60,7,33.6,22,white_not_hispanic_2017,140,133,7.885351386082373,27.2122843121735,25.1711069103912
47013,TN,Campbell,Ohio Valley,34997.0,8,32,1,32.8,2,white_not_hispanic_2017,28,12,20.81186464280741,38.85252750313327,27.3847653530149
26031,MI,Cheboygan,Upper Midwest,41667.0,6,19,1,32.3,1,white_not_hispanic_2017,13,38,9.888088302928102,35.71976084623639,32.56681486023813
26117,MI,Montcalm,Upper Midwest,46877.0,10,38,2,32.3,5,white_not_hispanic_2017,24,32,10.66270751788366,39.7624510730193,35.06096189319297
22105,LA,Tangipahoa,South,44625.0,20,88,3,36.2,10,white_not_hispanic_2017,81,85,17.94393379196667,35.0190588477696,25.08441982120168
55111,WI,Sauk,Upper Midwest,57647.0,14,44,1,32.0,10,white_not_hispanic_2017,61,82,8.755554563115469,34.1915458991135,33.2804858986669
13115,GA,Floyd,Southeast,46634.0,17,81,3,31.6,10,white_not_hispanic_2017,71,63,16.33302724211815,33.37006427915519,28.92715029078665
53003,WA,Asotin,Northwest,46121.0,4,3,3,27.7,1,white_not_hispanic_2017,10,16,9.016845329249618,27.49157733537519,40.12251148545176
1083,AL,Limestone,Southeast,52181.0,10,59,1,36.3,7,white_not_hispanic_2017,52,44,14.72916114985141,29.33621678877218,31.0192132285874
17193,IL,White,Ohio Valley,44874.0,5,10,1,31.1,1,white_not_hispanic_2017,9,14,9.141470320558195,34.68500353928607,39.04338153503893
12035,FL,Flagler,Southeast,50863.0,13,34,2,28.4,7,white_not_hispanic_2017,49,78,8.4942485059933,32.59295082155975,33.30800142779831
55025,WI,Dane,Upper Midwest,70815.0,80,169,5,32.0,114,white_not_hispanic_2017,437,469,3.813333556498428,17.27046772614295,26.49276526658466
13091,GA,Dodge,Southeast,35779.0,5,20,1,31.6,3,white_not_hispanic_2017,12,4,14.33406330877961,41.30333797863162,29.07956732364457
40013,OK,Bryan,South,39219.0,3,28,1,36.5,3,white_not_hispanic_2017,27,22,12.68286517741477,34.13377989825903,30.54440898606591
28117,MS,Prentiss,South,36558.0,7,12,1,37.3,1,white_not_hispanic_2017,16,13,16.3764705882353,33.54705882352941,36.04705882352941
49003,UT,Box Elder,Southwest,57875.0,5,19,1,25.3,4,white_not_hispanic_2017,32,19,7.106397285814714,30.372589173824,38.820796527799
18003,IN,Allen,Ohio Valley,51329.0,56,129,11,33.6,40,white_not_hispanic_2017,250,257,10.09786476868327,28.62360834503249,32.35128473015769
45043,SC,Georgetown,Southeast,47842.0,15,46,1,34.1,2,white_not_hispanic_2017,42,90,10.82929977412068,27.13993761428418,32.31364956437561
1125,AL,Tuscaloosa,Southeast,47483.0,25,128,4,36.3,12,white_not_hispanic_2017,171,122,10.48037268978158,28.93691767221628,29.43714678478693
40071,OK,Kay,South,44391.0,8,24,1,36.5,1,white_not_hispanic_2017,39,34,11.59671874468157,32.1964668640866,36.86306545491678
48171,TX,Gillespie,South,58787.0,3,14,1,33.0,1,white_not_hispanic_2017,13,49,10.30996272276975,29.96987182760558,25.57320124597866
39167,OH,Washington,Ohio Valley,47802.0,12,33,1,33.8,7,white_not_hispanic_2017,48,39,9.427196594642114,39.89497061953454,32.00851339471614
45015,SC,Berkeley,Southeast,58690.0,24,71,5,34.1,12,white_not_hispanic_2017,108,92,10.9438589871439,30.14244131202329,33.53098132226505
42107,PA,Schuylkill,Northeast,50299.0,30,60,2,31.6,12,white_not_hispanic_2017,71,100,10.60820367751061,45.86785209133159,26.57391103541841
41071,OR,Yamhill,Northwest,60643.0,21,31,3,29.4,8,white_not_hispanic_2017,46,82,10.36234007227268,24.33691906296653,37.95432031587907
12121,FL,Suwannee,Southeast,40572.0,7,30,1,28.4,2,white_not_hispanic_2017,25,16,17.53696130858761,41.15130544196288,25.58666247247562
8013,CO,Boulder,Southwest,74772.0,61,75,5,22.6,70,white_not_hispanic_2017,274,338,4.47094373201218,11.31477353305124,21.24196486089419
51171,VA,Shenandoah,Southeast,53810.0,9,32,1,30.1,2,white_not_hispanic_2017,20,31,11.90957839642937,41.03329801239444,27.40262659345599
12099,FL,Palm Beach,Southeast,57607.0,264,505,22,28.4,204,white_not_hispanic_2017,937,1248,11.22502152860939,23.95056645286636,27.71166276226074
55131,WI,Washington,Upper Midwest,74631.0,16,55,3,32.0,16,white_not_hispanic_2017,84,82,4.890822405141206,29.50977016890447,32.65521162613585
47065,TN,Hamilton,Ohio Valley,48690.0,58,203,8,32.8,54,white_not_hispanic_2017,328,314,9.712799418367307,26.24695284342961,30.74799674969966
18035,IN,Delaware,Ohio Valley,41404.0,13,63,3,33.6,11,white_not_hispanic_2017,83,70,9.785605762196838,34.30870519385515,31.01963873726859
48037,TX,Bowie,South,45455.0,17,44,4,33.0,11,white_not_hispanic_2017,98,49,10.50570192685804,33.86551317341722,33.74125049154542
1021,AL,Chilton,Southeast,44188.0,5,33,1,36.3,2,white_not_hispanic_2017,22,23,18.19056146983716,43.34560408582894,24.84329917421152
37161,NC,Rutherford,Southeast,38699.0,12,30,1,32.1,3,white_not_hispanic_2017,33,49,15.10570253769157,31.93919508244383,33.7521285874486
51161,VA,Roanoke,Southeast,62306.0,11,39,1,30.1,16,white_not_hispanic_2017,53,55,6.708992842761195,27.23424893082316,30.07950854606646
39087,OH,Lawrence,Ohio Valley,42132.0,11,25,2,33.8,3,white_not_hispanic_2017,38,14,12.29496539300275,44.15473594387029,27.72115293448374
42017,PA,Bucks,Northeast,80132.0,91,166,10,31.6,88,white_not_hispanic_2017,484,481,5.700500913377987,27.9964798279027,24.06939894839303
22057,LA,Lafourche,South,52220.0,12,51,3,36.2,14,white_not_hispanic_2017,52,41,19.87562784022961,41.73194211911026,21.48558957187276
55127,WI,Walworth,Upper Midwest,58904.0,19,52,3,32.0,9,white_not_hispanic_2017,71,109,8.52349480717554,30.46699106688939,31.53315418694168
5069,AR,Jefferson,South,38485.0,15,40,1,35.0,1,white_not_hispanic_2017,58,33,12.59503129805714,40.16114709003877,29.25122917975265
26129,MI,Ogemaw,Upper Midwest,37842.0,4,17,1,32.3,3,white_not_hispanic_2017,17,24,13.34053641794839,36.86284479471209,37.49205542138045
51085,VA,Hanover,Southeast,83405.0,14,53,3,30.1,18,white_not_hispanic_2017,75,81,6.112472748446153,25.64421996235562,27.92590285582743
47077,TN,Henderson,Ohio Valley,42821.0,4,19,1,32.8,2,white_not_hispanic_2017,17,13,14.97334426901784,45.68894812384663,25.7586631125692
41007,OR,Clatsop,Northwest,49898.0,16,22,2,29.4,4,white_not_hispanic_2017,37,100,7.642388677942699,27.46634449430445,40.92164307904729
25025,MA,Suffolk,Northeast,61367.0,216,388,1,25.9,133,white_not_hispanic_2017,756,954,13.13370907696773,21.03579119355336,18.14121558918059
39107,OH,Mercer,Ohio Valley,57577.0,9,16,1,33.8,2,white_not_hispanic_2017,31,37,7.777614029916734,43.74401296883059,29.11355095424066
49011,UT,Davis,Southwest,77095.0,25,68,9,25.3,21,white_not_hispanic_2017,238,113,4.107839280423898,21.16328879693442,36.56307218587754
47055,TN,Giles,Ohio Valley,43238.0,6,28,1,32.8,2,white_not_hispanic_2017,22,12,12.86880100439422,44.63759717997007,24.54488386691776
1055,AL,Etowah,Southeast,40972.0,14,70,2,36.3,8,white_not_hispanic_2017,85,58,14.67141353133485,33.39059123400011,34.24114811325983
6055,CA,Napa,West,73112.0,40,44,2,25.1,23,white_not_hispanic_2017,82,150,14.45013570597719,17.5417831561333,30.8072975123972
17163,IL,St. Clair,Ohio Valley,50598.0,45,124,3,31.1,24,white_not_hispanic_2017,196,168,8.306443919438381,27.80599217728494,34.8526086004972
55009,WI,Brown,Upper Midwest,58449.0,34,86,5,32.0,34,white_not_hispanic_2017,176,202,7.520009997898169,29.89939614967308,32.24947028181575
26007,MI,Alpena,Upper Midwest,42332.0,9,20,2,32.3,2,white_not_hispanic_2017,17,27,7.120567375886525,34.92671394799054,40.0
8077,CO,Mesa,Southwest,49825.0,21,48,3,22.6,10,white_not_hispanic_2017,91,103,9.454080048183247,28.2822484260453,34.86791955656356
31001,NE,Adams,Northern Rockies & Plains,48010.0,5,16,1,32.8,8,white_not_hispanic_2017,36,20,9.118094024216873,27.02093239864699,38.26658169518113
49045,UT,Tooele,Southwest,64675.0,5,20,1,25.3,3,white_not_hispanic_2017,27,23,7.936390714619797,31.93018733229944,37.06028604485144
36087,NY,Rockland,Northeast,84358.0,111,91,2,25.7,45,white_not_hispanic_2017,277,314,11.49458029851333,21.92879489609988,24.7071593102466
9005,CT,Litchfield,Northeast,76323.0,44,77,1,26.9,21,white_not_hispanic_2017,103,202,6.177614776979272,29.77222783156144,28.19237393835006
